,,WEEK 1,,,,,,,,WEEK 2,,,,,,,,WEEK 3,,,,,,,,WEEK 4,,,,,,,WEEK 5,,,,,,,,WEEK 6,,,,,,,,WEEK 7,,,,,,,,WEEK 8,,,,,,,WEEK 9,,,,,,,,WEEK 10,,,,,,,,WEEK 11,,,,,,,,WEEK 12,,,,,,,,WEEK 13,,,,,,,WEEK 14,,,,,,,WEEK 15,,,,,,,WEEK 16,,,,,,,WEEK 17,,,,,,,WEEK 18,,,,,,,WEEK 19,,,,,,,WEEK 20,,,,,,,WEEK 21,,,,,,,WEEK 22,,,,,,,WEEK 23,,,,,,,WEEK 24,,,,,,,WEEK 25,,,,,,,WEEK 26,,,,,,,WEEK 27,,,,,,,WEEK 28,,,,,,,WEEK 29,,,,,,,WEEK 30,,,,,,,WEEK 31,,,,,,,WEEK 32,,,,,,,WEEK 33,,,,,,,WEEK 34,,,,,,,WEEK 35,,,,,,,WEEK 36,,,,,,,WEEK 37,,,,,,,WEEK 38,,,,,,,WEEK 39,,,,,,,WEEK 40,,,,,,,WEEK 41,,,,,,,WEEK 42,,,,,,,WEEK 43,,,,,,,WEEK 44,,,,,,,WEEK 45,,,,,,,WEEK 46,,,,,,,WEEK 47,,,,,,,WEEK 48,,,,,,,WEEK 49,,,,,,,WEEK 50,,,,,,,WEEK 51,,,,,,
,,mon,tue,wed,thu,fri,sat,sun,,mon,tue,wed,thu,fri,sat,sun,,mon,tue,wed,thu,fri,sat,sun,,mon,tue,wed,thu,fri,sat,sun,mon,tue,wed,thu,fri,sat,sun,,mon,tue,wed,thu,fri,sat,sun,,mon,tue,wed,thu,fri,sat,sun,,mon,tue,wed,thu,fri,sat,sun,mon,tue,wed,thu,fri,sat,sun,,mon,tue,wed,thu,fri,sat,sun,,mon,tue,wed,thu,fri,sat,sun,,mon,tue,wed,thu,fri,sat,sun,,mon,tue,wed,thu,fri,sat,sun,mon,tue,wed,thu,fri,sat,sun,mon,tue,wed,thu,fri,sat,sun,mon,tue,wed,thu,fri,sat,sun,mon,tue,wed,thu,fri,sat,sun,mon,tue,wed,thu,fri,sat,sun,mon,tue,wed,thu,fri,sat,sun,mon,tue,wed,thu,fri,sat,sun,mon,tue,wed,thu,fri,sat,sun,mon,tue,wed,thu,fri,sat,sun,mon,tue,wed,thu,fri,sat,sun,mon,tue,wed,thu,fri,sat,sun,mon,tue,wed,thu,fri,sat,sun,mon,tue,wed,thu,fri,sat,sun,mon,tue,wed,thu,fri,sat,sun,mon,tue,wed,thu,fri,sat,sun,mon,tue,wed,thu,fri,sat,sun,mon,tue,wed,thu,fri,sat,sun,mon,tue,wed,thu,fri,sat,sun,mon,tue,wed,thu,fri,sat,sun,mon,tue,wed,thu,fri,sat,sun,mon,tue,wed,thu,fri,sat,sun,mon,tue,wed,thu,fri,sat,sun,mon,tue,wed,thu,fri,sat,sun,mon,tue,wed,thu,fri,sat,sun,mon,tue,wed,thu,fri,sat,sun,mon,tue,wed,thu,fri,sat,sun,mon,tue,wed,thu,fri,sat,sun,mon,tue,wed,thu,fri,sat,sun,mon,tue,wed,thu,fri,sat,sun,mon,tue,wed,thu,fri,sat,sun,mon,tue,wed,thu,fri,sat,sun,mon,tue,wed,thu,fri,sat,sun,mon,tue,wed,thu,fri,sat,sun,mon,tue,wed,thu,fri,sat,sun,mon,tue,wed,thu,fri,sat,sun,mon,tue,wed,thu,fri,sat,sun,mon,tue,wed,thu,fri,sat,sun,mon,tue,wed,thu,fri,sat,sun
,,4,5,6,7,8,9,10,,11,12,13,14,15,16,17,,18,19,20,21,22,23,24,,25,26,27,28,29,30,31,1,2,3,4,5,6,7,,8,9,10,11,12,13,14,,15,16,17,18,19,20,21,,22,23,24,25,26,27,28,1,2,3,4,5,6,7,,8,9,10,11,12,13,14,,15,16,17,18,19,20,21,,22,23,24,25,26,27,28,,29,30,31,01,02,03,04,05,06,07,08,09,10,11,12,13,14,15,16,17,18,19,20,21,22,23,24,25,26,27,28,29,30,01,02,03,04,05,06,07,08,09,10,11,12,13,14,15,16,17,18,19,20,21,22,23,24,25,26,27,28,29,30,31,01,02,03,04,05,06,07,08,09,10,11,12,13,14,15,16,17,18,19,20,21,22,23,24,25,26,27,28,29,30,01,02,03,04,05,06,07,08,09,10,11,12,13,14,15,16,17,18,19,20,21,22,23,24,25,26,27,28,29,30,31,01,02,03,04,05,06,07,08,09,10,11,12,13,14,15,16,17,18,19,20,21,22,23,24,25,26,27,28,29,30,31,01,02,03,04,05,06,07,08,09,10,11,12,13,14,15,16,17,18,19,20,21,22,23,24,25,26,27,28,29,30,01,02,03,04,05,06,07,08,09,10,11,12,13,14,15,16,17,18,19,20,21,22,23,24,25,26,27,28,29,30,31,01,02,03,04,05,06,07,08,09,10,11,12,13,14,15,16,17,18,19,20,21,22,23,24,25,26,27,28,29,30,01,02,03,04,05,06,07,08,09,10,11,12,13,14,15,16,17,18,19,20,21,22,23,24,25,26
WEEKDAYS,,,,,,,,,,,,,,,,,,,,,,,,,,,,,,,,,,,,,,,,,,,,,,,,,,,,,,,,,,,,,,,,,,,,,,,,,,,,,,,,,,,,,,,,,,,,,,,,,,,,,,,,,,,,,,,,,,,,,,,,,,,,,,,,,,,,,,,,,,,,,,,,,,,,,,,,,,,,,,,,,,,,,,,,,,,,,,,,,,,,,,,,,,,,,,,,,,,,,,,,,,,,,,,,,,,,,,,,,,,,,,,,,,,,,,,,,,,,,,,,,,,,,,,,,,,,,,,,,,,,,,,,,,,,,,,,,,,,,,,,,,,,,,,,,,,,,,,,,,,,,,,,,,,,,,,,,,,,,,,,,,,,,,,,,,,,,,,,,,,,,,,,,,,,,,,,,,,,,,,,,,,,,,,,
Mandhira,clean litter,,,,,,,,,,,,,,,,,,,,,,,,,,,,,,,,,,,,,,,,,,,,,,,,,,,,,,,,,,,,,,,,,,,,,,,,,,,,,,,,,,,,,,,,,,,,,,,,,,,,,,,,,,,,,,,,,,,,,,,,,,,,,,,,,,,,,,,,,,,,,,,,,,,,,,,,,,,,,,,,,,,,,,,,,,,,,,,,,,,,,,,,,,,,,,,,,,,,,,,,,,,,,,,,,,,,,,,,,,,,,,,,,,,y,y,y,y,,,,,,y,y,y,y,y,,y,y,y,y,y,y,y,y,y,y,y,,,,,,,,,,,,,,,,,,,,,,,,,,,,,,,,,,,,,,,,,,,,,,,,,,,,,,,,,,,,,,,,,,,,,,,,,,,,,,,,,,,,,,,,,,,,,,,,,,,,,,,,,,,,,,,,,,,
,morning feed,,,,,,,,,,,,,,,,,,,,,,,,,,,,,,,,,,,,,,,,,,,,,,,,,,,,,,,,,,,,,,,,,,,,,,,,,,,,,,,,,,,,,,,,,,,,,,,,,,,,,,,,,,,,,,,,,,,,,,,,,,,,,,,,,,,,,,,,,,,,,,,,,,,,,,,,,,,,,,,,,,,,,,,,,,,,,,,,,,,,,,,,,,,,,,,,,,,,,,,,,,,,,,,,,,,,,,,,,,,,,,,,,,,y,y,y,y,y,,,,,y,y,y,y,y,,y,y,y,y,y,y,y,y,y,y,y,y,y,y,,,,,,,,,,,,,,,,,,,,,,,,,,,,,,,,,,,,,,,,,,,,,,,,,,,,,,,,,,,,,,,,,,,,,,,,,,,,,,,,,,,,,,,,,,,,,,,,,,,,,,,,,,,,,,,,
,noon feed,,,,,,,,,,,,,,,,,,,,,,,,,,,,,,,,,,,,,,,,,,,,,,,,,,,,,,,,,,,,,,,,,,,,,,,,,,,,,,,,,,,,,,,,,,,,,,,,,,,,,,,,,,,,,,,,,,,,,,,,,,,,,,,,,,,,,,,,,,,,,,,,,,,,,,,,,,,,,,,,,,,,,,,,,,,,,,,,,,,,,,,,,,,,,,,,,,,,,,,,,,,,,,,,,,,,,,,,,,,,,,,,,,,y,y,y,y,y,,,,,y,y,y,y,y,,y,y,y,y,y,y,y,y,y,y,y,y,y,,,,,,,,,,,,,,,,,,,,,,,,,,,,,,,,,,,,,,,,,,,,,,,,,,,,,,,,,,,,,,,,,,,,,,,,,,,,,,,,,,,,,,,,,,,,,,,,,,,,,,,,,,,,,,,,,
,night feed,,,,,,,,,,,,,,,,,,,,,,,,,,,,,,,,,,,,,,,,,,,,,,,,,,,,,,,,,,,,,,,,,,,,,,,,,,,,,,,,,,,,,,,,,,,,,,,,,,,,,,,,,,,,,,,,,,,,,,,,,,,,,,,,,,,,,,,,,,,,,,,,,,,,,,,,,,,,,,,,,,,,,,,,,,,,,,,,,,,,,,,,,,,,,,,,,,,,,,,,,,,,,,,,,,,,,,,,,,,,,,,,,,,y,y,y,y,y,,,,,n,y,y,y,y,,y,y,y,y,y,y,y,y,y,y,y,y,y,,,,,,,,,,,,,,,,,,,,,,,,,,,,,,,,,,,,,,,,,,,,,,,,,,,,,,,,,,,,,,,,,,,,,,,,,,,,,,,,,,,,,,,,,,,,,,,,,,,,,,,,,,,,,,,,,
,exploring outdoors,,,,,,,,,,,,,,,,,,,,,,,,,,,,,,,,,,,,,,,,,,,,,,,,,,,,,,,,,,,,,,,,,,,,,,,,,,,,,,,,,,,,,,,,,,,,,,,,,,,,,,,,,,,,,,,,,,,,,,,,,,,,,,,,,,,,,,,,,,,,,,,,,,,,,,,,,,,,,,,,,,,,,,,,,,,,,,,,,,,,,,,,,,,,,,,,,,,,,,,,,,,,,,,,,,,,,,,,,,,,,,,,,,,y,y,y,y,y,,,,,y,y,y,y,n,,y,y,y,y,y,y,y,y,y,y,n,y,y,y,,,,,,,,,,,,,,,,,,,,,,,,,,,,,,,,,,,,,,,,,,,,,,,,,,,,,,,,,,,,,,,,,,,,,,,,,,,,,,,,,,,,,,,,,,,,,,,,,,,,,,,,,,,,,,,,
HEALTH & FITNESS,workout,y,,y,,y,,,,y,,y,,y,,,,y,,y,,y,,,,n,y,y,nz,y,,,y,,y,,y,,,,y,,y,,y,,walk,,y,,y,,y,,,,y,,y,,y,,,y,,n,y,y,,,,y,,y,,y,,,,y,,y,,y,,,,y,,y,,y,,,,y,,y,,n,y,,y,,y,,y,,,y,,,,,,,,,,,,,,,,,,,,,y,,y,,y,,,y,,y,,n,,,y,,y,,y,,,y,,y,,y,,,y,,y,,y,,,y,,y,,y,,,y,,y,,y,,,y,,y,,y,,,y,,nz,,n,,,y,y,y,y,n,nz,y,y,y,y,y,y,y,,y,y,y,y,y,,,y,y,nz,y,n,,,n,n,n,,,,,nz,n,n,n,,,,,n,nz,,n,,,y,n,nz,n,n,,,y,,y,,y,,,y,n,y,n,n,,,y,y,y,y,n,,,y,n,y,y,y,,,y,y,y,y,,,,y,y,y,y,y,,,y,y,y,y,y,nz,,y,y,y,y,,,,y,y,y,y,,,,n,n,n,n,n,,,nz,y,nz,nz,,,,,y,,,n,,,,nz,nz,y,nz,,,y,y,y,,,,,,,,,,,,,,,,,,,,y,,,,,
,endurance,n,y,n,n,y,n,,,y,y,y,y,y,y,,,y,y,y,y,y,y,n,,n,n,y,y,y,y,,y,y,y,y,y,,,,n,y,nz,y,y,,,,y,y,y,y,y,nz,nz,,nz,y,y,y,y,,,nz,nz,y,nz,nz,n,,,nz,y,y,y,nz,,,,nz,nz,y,y,y,,,,nz,y,y,y,y,,,,nz,n,n,y,n,,,y,y,y,n,y,,,nz,,,,,,,,,,,,,,,,,,,,,nz,y,y,y,y,,,n,nz,n,n,n,,,nz,nz,nz,nz,y,,,n,y,y,y,y,,,nz,y,y,y,y,,,y,n,n,nz,n,,,y,y,y,y,y,,,,y,y,y,,,,n,n,n,n,,,,n,n,n,n,,,,,,,,,,,,,,,,,,,,,,,,,,,,,,,,,,,,,,,,,,,,,,,,,,,,,,,,,,,,,,,,,,,,,,,,,,,,,,,,,,,,,,,,,,,,,,,,,,,,,,,,,,,,,,,,,,,,,,,,,,,,,,,,,,,,,,,,,,,,,,,,,,,,,,,,,,,,,,,,,,,,,,,,,,,
,breathing ,,,,,,,,,,,,,,,,,,,,,,,,,,,,,,,,,,,,,,,,,,,,,,,,,,,,,,,,,,,,,,,,,,,,,,,,,,,,,,,,,,,,,,,n,n,y,n,y,,,,n,n,n,n,n,,,nz,nz,nz,n,y,,,n,,,,,,,,,,,,,,,,,,,,,n,,y,y,y,,,n,n,y,n,n,,,y,y,y,y,y,,,n,n,y,y,y,,,y,y,y,y,y,,,y,n,n,nz,n,,,y,y,y,y,y,,,n,y,y,y,,,,n,n,n,n,,,,y,y,y,y,n,nz,y,y,y,y,y,y,y,y,y,y,y,y,y,,,y,y,y,y,n,,,n,n,n,,,,,,,,,,,,,,,,,,,,,,,,,,,,,,,,,,,,,,,,,,,,,,,,,,,,,,,,,,,,,,,,,,,,,,,,,,,,,,,,,,,,,,,,,,,,,,,,,,,,,,,,,,,,,,,,,,,,,,,,,,,,,,,,,,,,,,,,,,,,,,,,
,floss,y,n,y,nz,y,nz,y,,y,Y,y,y,y,y,nz,,y,nz,y,y,nz,y,n,,n,n,y,nz,y,y,,y,nz,y,y,y,,,,y,y,y,y,y,y,n,,y,y,y,y,nz,nz,nz,,y,y,y,y,n,n,,y,y,y,y,nz,n,nz,,y,y,y,y,nz,,,,y,y,y,y,nz,nz,,,y,y,y,nz,n,,,,y,y,y,nz,nz,,,y,y,y,y,y,n,,,,,,,,,,,,,,,,,,,,,,,n,,,,,,,n,n,n,n,n,,,,,,,,,,,,,,,,,,,,,,,,,,,,,,,,,,,,,,,,,,,,,,,,,,,,,,,,,,,,,,,,,,,,,,,,,,,,,,,,,,,,,,,,,,,,,,,,,,,,,,,,,,,,,,,,,,,,,,,,,,,,,,,,,,,,,,,,,,,,,,,,,,,,,,,,,,,,,,,,,,,,,,,,,,,,,,,,,,,,,,,,,,,,,,,,,,,,,,,,,,,,,,,,,,,,,,,,,,,,,,,,,,
,medicine,,,,,,,,,,,,,,,,,,,,,,,,,,,,,,,,,,,,,,,,,,,,,,,,,,,,,,,,,,,,,,,,,,,,,,,,,,,,,,,,,,,,,,,,,,,,,,,,,,,,,,,,,,,,,,,,,,,,,,,,,,,,,,,,,,,,,,,,,,,,,,,,,,,,,,,,,,,,,,,,,,,,,,,,,,,,,,,,,,,,,,,,,,,,,,,,,,,y,y,y,y,,,,,,,,,,,,,,,,,,,,,,,,,,,,,,nz,n,n,y,,,,,n,y,y,y,y,,y,y,y,y,y,y,y,y,n,n,y,y,,y,y,n,y,y,y,,,y,y,y,y,,,,,,,,,,,,,,,,,,,,,,,,,,,,,,,,,,,,,,,,,,,,,,,,,,,,,,,,,,,,,,,,,,,,,,,,,,,,,,,,,,,,,,,,,,,,,,,,,,,,,
,gargle,,,,,,,,,,,,,,,,,,,,,,,,,,,,,,,,,,,,,,,,,,,,,,,,,,,,,,,,,,,,,,,,,,,,,,,,,,,,,,,,,,,,,,,,,,,,,,,,,,,,,,,,,,,,,,,,,,,,,,,,,,,,,,,,,,,,,,,,,,,,,,,,,,,,,,,,,,,,,,,,,,,,,,,,,,,,,,,,,,,,,,,,,,,,,,,,,,,y,y,y,n,,y,y,y,n,y,y,y,,y,y,y,n,,y,y,y,n,n,n,,,n,,,,,,,,,,,,,,,,,,,,,,,,,,,,,,,,,,,,,,,,,,,,,,,,,,,,,,,,,,,,,,,,,,,,,,,,,,,,,,,,,,,,,,,,,,,,,,,,,,,,,,,,,,,,,,,,,,,,,,,,,,,,,,,,,,,,,,,,,,,,,,,,,,
,hot water,,,,,,,,,,,,,,,,,,,,,,,,,,,,,,,,,,,,,,,,,,,,,,,,,,,,,,,,,,,,,,,,,,,,,,,,,,,,,,,,,,,,,,,,,,,,,,,,,,,,,,,,,,,,,,,,,,,,,,,,,,,,,,,,,,,,,,,,,,,,,,,,,,,,,,,,,,,,,,,,,,,,,,,,,,,,,,,,,,,,,,,,,,,,,,,,,,,y,y,y,y,,y,y,n,y,y,n,y,y,y,y,y,n,,,y,n,y,n,n,,,n,,,,,,,,,,,,,,,,,,,,,,,,,,,,,,,,,,,,,,,,,,,,,,,,,,,,,,,,,,,,,,,,,,,,,,,,,,,,,,,,,,,,,,,,,,,,,,,,,,,,,,,,,,,,,,,,,,,,,,,,,,,,,,,,,,,,,,,,,,,,,,,,,,
MIND,med morning,nz,y,y,y,y,y,y,,y,y,Y,y,y,y,y,,y,y,y,y,y,y,y,,y,y,y,y,y,y,y,y,y,y,y,y,n,y,,n,y,y,y,y,nz,nz,,y,y,y,y,y,y,y,,y,y,n,y,y,y,y,y,y,y,y,y,y,y,,y,y,y,y,y,y,,,y,y,y,y,y,y,nz,,y,y,y,y,y,,,,y,n,y,y,y,,,y,y,y,y,y,y,,y,,,,,,,,,,,,,,,,,,,,,n,y,y,y,y,y,,n,n,y,,,,,y,n,n,y,y,y,y,n,y,y,y,y,n,,y,y,y,y,y,,,y,y,y,y,y,,,n,y,y,y,n,,y,nz,y,y,y,,,,n,n,n,n,,,,n,n,y,n,n,y,,y,y,y,y,y,,,y,y,y,y,y,,,y,y,y,y,n,n,n,n,n,n,,,,,,,,,,,,,,,,,,,,,,,,,,,,,,,,,,,,,,,,,,,,,,,y,y,y,n,y,n,,y,y,y,y,,,,y,y,y,y,y,n,,y,y,y,y,y,y,,y,n,nz,y,,,,n,nz,y,nz,,,,nz,n,n,n,n,y,n,n,n,y,y,,,,,y,,,n,,,,nz,nz,y,nz,y,y,nz,y,y,,,,,,,,,,,,,,,,,,,,y,,,,,
,Sitting/ standing,,,,,,,,,,,,,,,,,,,,,,,,,,,,,,,,,,,,,,,,,,,,,,,,,,,,,,,,,,,,,,,y,y,y,y,n,,,,y,y,y,y,nz,,,,n,n,n,n,n,,,,,,,,,,,,,,,,,,,,,,,,,,,,,,,,,,,,,,,,,,,,,,,,,,,,,,,,,,,,,,,,,,,,,,,,,,,,,,,,,,,,,,,,,,,,,,,,,,,,,,,,,,,,,,,,,,,,,,,,,,,,,,,,,,,,,,,,,,,,,,,,,,,,,,,,,,,,,,,,,,,,,,,,,,,,,,,,,,,,,,,,,,,,,,,,,,,,,,,,,,,,,,,,,,,,,,,,,,,,,,,,,,,,,,,,,,,,,,,,,,,,,,,,,,,,,,,,,,,,,,,,,,,,,,,,,,,,,,,,,,,,
,med evening,,,,,,,,,,,,,,,,,,,,,,,,,,,,,,,,,,,,,,,,,,,,,,,,,,,,,,,,,,,,,,,,,,,,,,,,,,,,,,,,,,,,,,,,,,,,,,,,,,,,,,,,,,,,,,,,,,,,,,,,,,,,,,,,,,,,,,,,,,,,,,,,n,n,n,n,n,,,,,,,,,,,,,,,,,,,,,,,,,,,,,,,,,,,,,,,,,,,,,,,,,,,,,,,,,,,,,,,,,,,,,,,,,,,,,,,,,,,,,,,,,,,,,,,,,,,,,,,,,,,,,,,,,,,,,,,,,,,,,,,,,,,,,,,,,,,,,,,,,,,,,,,,,,,,,,,,,,,,,,,,,,,,,,,,,,,,,,,,,,,,,,,,,,,,,,,,,,,,,,,,,,,,,,,,,,,
,med after work,,,,,,,,,,,,,,,,,,,,,,,,,,,,,,,,,,,,,,,,,,,,,,,,,,,,,,,,,,,,,,,,,,,,,,,,,,,,,,,,,,,,,,,,,,,,,,,,,,,,,,,,,,,,,,,,,,,,,,,,,,,,,,,,,,,,,,,,,,,,,,,,n,n,n,n,n,,,,,,,,,,,,,,,,,,,,,,,,,,,,,,,,,,,,,,,,,,,,,,,,,,,,,,,,,,,,,,,,,,,,,,,,,,,,,,,,,,,,,,,,,,,,,,,,,,,,,,,,,,,,,,,,,,,,,,,,,,,,,,,,,,,,,,,,,,,,,,,,,,,,,,,,,,,,,,,,,,,,,,,,,,,,,,,,,,,,,,,,,,,,,,,,,,,,,,,,,,,,,,,,,,,,,,,,,,,
,med night,n,n,n,y,nz,y,,,y,Y,y,y,y,y,y,,y,y,y,y,y,y,y,,n,y,y,n,y,y,nz,y,y,y,y,y,n,n,,n,y,y,y,y,nz,y,,y,y,y,y,y,n,n,,y,y,y,y,n,n,,nz,n,n,y,n,n,,,y,y,y,y,y,,,,y,y,y,y,y,y,n,,y,n,y,y,y,,,,n,y,y,n,y,,,y,y,y,y,n,n,,,,,,,,,,,,,,,,,,,,,,,n,y,y,y,y,n,,y,y,y,n,y,,,y,y,y,y,n,n,,y,y,y,y,y,y,y,y,y,y,y,n,nz,,y,y,y,y,y,y,,n,n,y,y,y,,y,y,y,y,y,,,,y,y,y,,,,,n,n,y,n,n,n,,y,y,n,y,y,n,n,n,y,y,y,,,,n,n,n,n,n,n,n,n,n,,,,,,n,n,n,n,n,n,n,n,n,y,y,n,,,y,y,n,n,n,n,n,n,n,n,nz,,nz,,y,y,y,y,,,,n,n,nz,y,n,y,,y,n,n,y,n,n,,,n,n,,,,y,y,y,y,y,y,y,,y,y,y,y,n,n,,y,y,y,,,,,y,y,y,,,,,n,n,n,n,y,n,y,y,y,y,,,,,y,,,,,,,,n,y,y,y,y,,y,y,,,,,,,,,,,,,,,,,,,,,,,,,,
NIGHT ROUTINE,read,,,,,,,,,,,,,,,,,,,,,,,,,,,,,,,,,,,,,,,,,,,,,,,,,,,,,,,,,,,,,,,,,,,,,,,,,,,,,,,,,,,,,,,,,,,,,,,,,,,,,,,,,,,,,,,,,,,,,,,,,,,,,,,,,,,,,,,,,,,,,,,,,,y,y,,,y,y,y,y,y,y,n,,y,n,y,y,nz,,,y,y,y,y,y,y,,n,y,y,y,y,,y,y,y,y,y,,,,y,y,y,,,,,n,y,y,y,y,n,,n,y,y,y,y,nz,y,y,y,y,y,,,,n,n,n,n,n,n,n,nz,nz,,,,,,y,y,y,,,,,,y,y,y,y,n,,n,y,y,n,n,n,y,y,y,y,n,y,y,y,y,y,y,y,n,,,n,n,n,n,n,n,,n,n,n,n,,,,,,,,,,,,,,,,,,,,,,,,,,,,,,,,,,,,,,,,,,,,,,,,,,,,,,,,,,,,,,,,,,,,,,,,,,,,,,,,,,,,,,,,,,,,,,
,steam,,,,,,,,,,,,,,,,,,,,,,,,,,,,,,,,,,,,,,,,,,,,,,,,,,,,,,,,,,,,,,,,,,,,,,,,,,,,,,,,,,,,,,,,,,,,,,,,,,,,,,,,,,,,,,,,,,,,,,,,,,,,,,,,,,,,,,,,,,,,,,,,y,y,n,,,y,,n,n,n,n,n,,,,,,,,,,,,,,,,,,,,,,,,,,,,,,,,,,,,,,,,,,,,,,,,,,,,,,,,,,,,,,,,,,,,,,,,,,,,,,,,,,,,,,,,,,,,,,,,,,,,,,,,,,,,,,,,,,,,,,,,,,,,,,,,,,,,,,,,,,,,,,,,,,,,,,,,,,,,,,,,,,,,,,,,,,,,,,,,,,,,,,,,,,,,,,,,,,,,,,,,,,,,,,,,,,,,
,breathing ,,,,,,,,,,,,,,,,,,,,,,,,,,,,,,,,,,,,,,,,,,,,,,,,,,,,,,,,,,,,,,,,,,,,,,,,,,,,,,,,,,,,,,,,,,,,,,,,,,,,,,,,,,,,,,,,,,,,,,,,,,,,,,,,,,,,,,,,,,,,,,,,y,y,y,,,,,y,y,y,y,y,,,y,y,y,y,n,,,n,n,y,y,y,y,,n,n,n,n,n,,n,n,n,n,n,,,,n,n,n,,,,,n,n,n,n,,,,,,,,,,,,,,,,,,,,,,,,,,,,,,,,,,,,,,,,,,,,,,,,,,,,,,,,,,,,,,,,,,,,,,,,,,,,,,,,,,,,,,,,,,,,,,,,,,,,,,,,,,,,,,,,,,,,,,,,,,,,,,,,,,,,,,,,,,,,,,,,,,,,,,,,,,,,,,,,,,,,,,,,,,,
,stretch,,,,,,,,,,,,,,,,,,,,,,,,,,,,,,,,,,,,,,,,,,,,,,,,,,,,,,,,,,,,,,,,,,,,,,,,,,,,,,,,,,,,,,,,,,,,,,,,,,,,,,,,,,,,,,,,,,,,,,,,,,,,,,,,,,,,,,,,,,,,,,,,y,nz,n,,,,,y,y,y,y,y,,,y,y,y,y,n,,,n,n,y,y,y,y,,n,n,n,n,n,,n,n,n,n,n,,,,n,n,n,,,,,n,n,n,n,,,,,,,,,,,,,,,,,,,,,,,,,,,,,,,,,,,,,,,,,,,,,,,,,,,,,,,,,,,,,,,,,,,,,,,,,,,,,,,,,,,,,,,,,,,,,,,,,,,,,,,,,,,,,,,,,,,,,,,,,,,,,,,,,,,,,,,,,,,,,,,,,,,,,,,,,,,,,,,,,,,,,,,,,,,
WRITING,train of thoughts,y,y,y,y,y,y,y,,n,y,Y,y,y,y,y,,y,y,y,y,y,y,y,,y,y,y,y,y,y,y,y,y,y,y,y,y,y,,nz,y,y,y,y,y,y,,y,y,y,y,y,y,y,,y,y,y,y,y,y,y,y,y,y,y,y,y,y,,y,y,y,y,y,y,,,y,y,y,y,y,y,y,,y,y,y,y,y,,,,y,y,y,y,y,,,y,y,y,y,y,y,,y,,,,,,,,,,,,,,,,,,,,,y,y,y,y,y,y,,y,y,y,y,y,,,nz,y,y,y,y,y,y,y,y,y,y,y,y,,y,y,y,y,y,y,y,y,y,y,y,y,y,,y,y,y,y,y,y,y,y,y,y,y,,,,y,y,y,y,,,,y,y,y,y,y,y,,y,y,y,y,y,y,y,y,y,y,y,y,,,y,y,y,y,y,y,y,y,y,y,,,,y,y,y,y,y,,,,,y,y,y,y,y,,y,y,y,y,y,y,y,y,y,y,y,y,y,y,y,y,y,y,y,,,y,y,y,y,y,y,,y,y,y,y,y,y,,y,y,y,y,,,,y,n,n,y,y,y,,n,n,n,n,n,y,,n,n,n,n,,,,n,n,n,n,,,,y,y,y,y,y,y,y,n,y,y,y,,,,,y,,,y,,,,y,y,y,y,y,,y,y,y,,,,,,,,,,,,,,,,,,,,y,,,,,
,Read your thoughts,,,,,,,,,,,,,,,,,,,,,,,,,,,,,,,,,,,,,,,,,,,,,,,,,,,,,,,,,,,,,,,nz,y,y,y,n,n,y,,y,y,y,y,y,n,,,y,y,y,y,y,y,,,n,n,n,n,n,,,,,,,,,,,,,,,,,,,,,,,,,,,,,,,,,,,,,,,,,,,,,,,,,,,,,,,,,,,,,,,,,,,,,,,,,,,,,,,,,,,,,,,,,,,,,,,,,,,,,,,,,,,,,,,,,,,,,,,,,,,,,,,,,,,,,,,,,,,,,,,,,,,,,,,,,,,,,,,,,,,,,,,,,,,,,,,,,,,,,,,,,,,,,,,,,,,,,,,,,,,,,,,,,,,,,,,,,,,,,,,,,,,,,,,,,,,,,,,,,,,,,,,,,,,,,,,,,,,,,,,,,,,,,,,,,,,,
,reflection,y,n,y,y,y,y,y,,y,y,y,y,y,y,y,,y,y,y,y,y,y,n,,y,y,y,y,y,y,y,y,y,y,y,y,y,y,,y,y,y,y,y,y,nz,,y,y,y,y,y,y,y,,y,y,y,y,y,y,y,y,y,y,y,y,y,y,,y,y,y,y,y,n,,,y,y,y,y,y,y,,,y,y,y,y,y,,,,n,y,y,y,y,,,y,y,y,y,y,n,,y,,,,,,,,,,,,,,,,,,,,,y,y,y,y,y,y,,y,y,y,y,y,,,y,y,y,y,n,y,y,y,y,y,y,y,n,,y,n,y,y,nz,nz,y,y,y,y,y,y,y,,n,y,n,y,y,n,y,y,y,y,y,,,,y,y,n,,,,,n,y,y,y,y,n,,n,n,n,y,y,n,n,y,y,y,n,,,,y,y,y,y,n,n,,y,y,y,,,,,y,y,n,,,,,,y,n,y,y,y,,y,y,y,y,y,n,,y,y,y,,y,y,,y,y,y,y,,,,y,y,y,y,y,y,,y,,y,y,n,n,,y,y,y,,,,,y,y,y,y,y,y,,y,y,y,y,y,n,,y,y,y,,,,,y,y,y,,,,,y,y,nz,nz,nz,n,nz,y,y,y,y,,,,,y,,,,,,,y,y,y,y,y,,y,n,,,,,,,,,,,,,,,,,,,,,y,,,,,
LEARNING,read nf,y,n,y,nz,y,n,,,y,y,Y,n,y,y,y,,y,y,y,y,y,y,nz,,n,y,y,y,y,n,n,n,n,n,y,y,,,,,nz,y,y,y,,,,y,y,y,y,y,,,,,,,,,,,,,,,,,,,,,,,,,,,,,,,,,,,,,,,,,,,,,,,,,,,,,,,,,,,,,,,,,,,,,,,,,,,,,,,,,,,,,,,,,,,,,,,,,,,,,,,,,,,,,,,,,,,,,,,,,,,,,,,,,,,,,,,,,,,,,,,,,,,,,,,,,,,,,,,,,,,,,,,,,,,,,,,,,,,,,,,,,,,,,,,,,,,,,,,,,,,,,,,,,,,,,,,,,,,,,,,,,,,,,,,,,,,,,,,,,,,,,,,,,,,,,,,,,,,,,,,,,,,,,,,,,,,,,,,,,,,,,,,,,,,,,,,,,,,,,,,,,,,,,,,,,,,
NOT TO DO,nofap,n,y,y,n,n,n,n,,n,y,Y,n,n,y,n,,n,n,n,y,y,n,n,,n,y,y,n,n,n,n,y,y,n,n,n,n,,,y,n,n,y,y,n,n,,y,y,y,y,n,n,n,,n,n,y,n,y,n,,y,y,y,n,n,n,n,,n,n,n,n,n,y,,,y,n,n,n,n,n,,,n,n,y,n,n,,,,n,n,n,n,n,,,y,n,y,n,n,n,,,,,,,,,,,,,,,,,,,,,,,y,y,y,n,n,n,,y,n,y,y,n,n,y,y,n,n,n,n,n,n,n,n,n,n,y,n,y,n,n,n,n,n,y,n,y,n,n,n,n,y,,y,y,n,n,n,n,y,n,y,y,n,,,,y,n,n,,,,,y,n,n,n,n,n,n,n,n,n,n,n,n,n,n,n,n,y,y,n,y,n,n,n,n,y,y,n,n,n,y,,,,y,y,y,n,n,,n,n,,n,n,n,n,n,n,n,n,n,y,n,y,y,y,y,y,y,n,n,,n,y,n,n,n,,,n,n,n,n,n,n,,n,n,n,n,y,n,,y,n,n,,n,,n,n,n,n,y,y,n,,n,n,y,y,n,n,,n,n,n,n,,,,n,n,n,n,,,,n,n,n,n,n,n,n,n,n,n,n,,,,n,n,,,n,n,n,n,y,y,y,n,n,n,y,y,y,,,,,,,,,,,,,,,,,,,,n,,,,,
,noPorn,,,,,,,,,,,,,,,,,,,,,,,,,n,y,y,y,n,n,y,y,y,y,n,y,n,,,y,n,n,y,y,n,n,,y,y,y,y,n,n,n,,n,n,y,n,y,n,,y,y,y,n,n,n,n,,y,n,y,y,n,y,,,y,n,n,y,y,y,,,y,n,y,n,y,,,,n,y,y,y,n,,,y,n,n,n,y,y,,,,,,,,,,,,,,,,,,,,,,,y,y,y,y,n,n,,y,y,y,y,n,n,y,y,y,y,n,n,n,y,n,y,n,n,y,n,y,y,n,n,y,n,y,n,y,n,n,n,n,y,,y,y,n,n,n,y,y,nz,y,y,y,,,,y,y,nz,,,,,y,y,n,y,nz,n,n,n,y,n,y,y,y,y,y,y,y,y,y,n,y,y,y,y,y,y,y,n,y,n,y,,,,y,y,y,y,n,,y,y,,y,y,y,n,y,y,y,y,y,n,n,y,y,y,y,y,y,y,n,,y,y,n,n,n,,,y,y,y,y,y,y,,y,n,y,y,y,n,,y,n,y,y,n,,y,y,y,n,y,y,y,,y,y,y,y,n,n,,y,y,y,y,,,,y,y,n,y,,,,n,y,n,n,y,n,n,y,y,y,y,,,,y,n,,,n,n,n,n,y,y,y,y,n,y,y,y,y,,,,,,,,,,,,,,,,,,,,y,,,,,
,noInfo,n,y,n,y,n,n,n,,n,n,N,n,n,n,n,,n,n,n,y,y,y,n,,n,y,n,n,n,n,y,y,n,y,y,n,n,,,n,n,y,n,n,n,n,,,,,,,,,,,,,,,,,,,,,,,,,,,,,,,,,,,,,,,,,,,,,,,,,,,,,,,,,,,,,,,,,,,,,,,,,,,,,,,,,,,,,,,,,,,,,,,,,,,,,,,,,,,,,,,,,,,,,,,,,,,,,,,,,,,,,,,,,,,,,,,,,,,,,,,,,,,,,,,,,,,,,,,,,,,,,,,,,,,,,,,,,,,,,,,,,,,,,,,,,,,,,,,,,,,,,,,,,,,,,,,,,,,,,,,,,,,,,,,,,,,,,,,,,,,,,,,,,,,,,,,,,,,,,,,,,,,,,,,,,,,,,,,,,,,,,,,,,,,,,,,,,,,,,,,,,,,,,,,,,
WEEKEND,,,,,,,,,,,,,,,,,,,,,,,,,,,,,,,,,,,,,,,,,,,,,,,,,,,,,,,,,,,,,,,,,,,,,,,,,,,,,,,,,,,,,,,,,,,,,,,,,,,,,,,,,,,,,,,,,,,,,,,,,,,,,,,,,,,,,,,,,,,,,,,,,,,,,,,,,,,,,,,,,,,,,,,,,,,,,,,,,,,,,,,,,,,,,,,,,,,,,,,,,,,,,,,,,,,,,,,,,,,,,,,,,,,,,,,,,,,,,,,,,,,,,,,,,,,,,,,,,,,,,,,,,,,,,,,,,,,,,,,,,,,,,,,,,,,,,,,,,,,,,,,,,,,,,,,,,,,,,,,,,,,,,,,,,,,,,,,,,,,,,,,,,,,,,,,,,,,,,,,,,,,,,,,,
WRITING,retrospect,,,,,,,y,,,,,,,,,,,,y,,,,,,,,,,,,,,,,,,,,,,,,,,,y,,,,,,,y,,,,,,,,y,,,,,,,y,,,,,,,,y,,,,,,,,y,,,,,,y,,,,,,,,,y,,,,,,,,y,,,,,,,,,,,,,,,,,,,,,,,,,,,,,,,,,,,,y,,,,,,,y,,,,,,,y,,,,,,,,,,,,,,,,,,,,,,,,,,,,,,,,,,,,,,,,,y,,,,,,,n,n,,,,,,,y,,,,,,,,,,,,,,y,,,,,,,,,,,,,,y,,,,,,,y,,,,,,,y,,,,,,,,,,,,,,,,,,,,,,,,,,,,,,,,,,,nz,,,,,,,,,,,,,,,,,,,,,,,,,,,,,,,,,,,,,,,,,,,,,,,,,y,,,,,,,,,,,,,,,,,,,,,,,,,,,,
,plan/ prep,,,,,,,y,,,,,,,,nz,,,,y,,,,,,,,,,,,,,,,,,,,,,,,,,,y,,,,,,,,y,,,,,,,y,,,,,,,y,,,,,,,,y,,,,,,,,y,,,,,,y,,,,,,,,,y,,,,,,,,y,,,,,,,,,,,,,,,,,,,,,,,,,,,,,,,,,,,,y,,,,,,,y,,,,,,,y,,,,,,,,,,,,,,,,,,,,,,,,,,,,,,,,,,,,,,,,,,y,,,,,,,y,,,,,,,y,,,,,,,,,,,,,,y,,,,,,,,,,,,,,y,,,,,,,y,,,,,,,y,,,,,,,,,,,,,,,,,,,,,,,,,,,,,,,,,,,,,,,,,,,,,,,,,,,,,,,,,,,,,,,,,,,,,,,,,,,,,,,,,,,,y,,,,,,,,,,,,,,,,,,,,,,,,,,,,
,to dos,,,,,,,y,,,,,,,,,,,,,,,,,,,,,,,,,,,,,,,,,,,,,,,,,,,,,,,y,,,,,,,y,,,,,,,y,,,,,,,,y,,,,,,,,y,,,,,,y,,,,,,,,,y,,,,,,,,,,,,,,,,,,,,,,,,,,,,,,,,,,,,,,,,,,,,,,,,,,y,y,,,,,,,y,,,,,,,,,,,,,,,,,,,,,,,,,,,,,,,,,,,,,,,,,y,y,,,,,,y,y,,,,,,,y,,,,,,,,,,,,,,y,,,,,,,,,,,,,y,y,y,,,,,y,,,,,,,,y,,,,,y,,,,,y,y,y,y,,,,,,,,,,,,,,,,,,,,,,,,,,,,,,,,,,,,,,,,,,,,,,,,,y,y,,,,,,,,,,,,,,,,,,,,y,,,,,,,,,,,,,,,,,,,,,,,,,,,,,
BODY,oil bath,,,,,,,y,,,,,,,,,,,,,,,,,,,,,,,,,,,,,,,,,,,,,,y,,,,,,,,y,,,,,,,,y,,,,,,,y,,,,,,,,,,,,,,,,y,,,,,,y,,,,,,,,,y,,,,,,,,y,,,,,,,,,,,,,,,,,,,,,,,,,,,,y,,,,,,,,,,,,,,y,,,,,,,,y,,,,,,,,,,,,,,,,,,,,,y,,,,,,,,,,,,,,,,,,,,,,,,,,,,y,,,,,,,y,,,,,,,,,,,,,,,,,,,,,,,,,,,,y,,,,,,,y,,,,,,,y,,,,,,,y,,,,,,,,,,,,,,,,,,,,,,,,,,,,y,,,,,,,,,,,,,,,,,,,,,,,,,y,,,,,,,,,,,,,,,,,,,,,,,y,,,,,,,,,,,,,,,,,,,,,,,,,,,,,
,nailcut,,,,,,,y,,,,,,,,,,,,,,,,,,y,,y,,,,,,,,y,,,,,,,,,,y,,,,,,,,y,,,,,,,,y,,,,,,,y,,,,,,,,y,,,,,,,,y,,,,,,y,,,,,,,,,y,,,,,,,,y,,,,,,,,,,,,,,,,,,,,,,,,,,,,,,,,,y,,,,,,,,,y,,,,,,,,y,,,,,,,,,,,,,,,,,,,,,,,,,,,,,,,,,,,,,,,,,,,,,,,,,y,,,,,,,y,,,,,,,,,,,,,,y,,,,,,,,,,,,,y,,,,,,,,y,,,,,,,y,,,,,,,y,,,,,,,,,,,,y,,,,,,,,,,,,,,,,y,,,,,,,,,,,,,,,,,,,,,y,,,,,y,,,,,,,,,,,,,,,,,,,,,,y,,,,,,,,,,,,,,,,,,,,,,,,,,,,,
,shave,,,,,,,,,,,,,,,,,,,,,,,,,,,,,,,,,,,,,,,,,,,,,,y,,,,,,,,,,,,,,,y,,,,,,,,,,,,,,,y,,,,,,,,,,,,,,,,,,,,,,,,,,,,,,,y,,,,,,,,,,,,,,,,,,,,,,,,,,,,,,,,,,,,,,,,,,y,,,,,,,,,,,,,,,,,,,,,,,,,,,,,y,,,,,,,,,,,,,,,,,,,,,,,,,,,,,,,y,,,,,,,,,,,,,,,,,,,,,,,,,,,,,,,,,,,,,,,y,,,,,,,,,,,,,,,,,,,,,,,,,,,,,,,,,,,,,,,,,y,,,,,,,,,,,,,,,,,,,,,,y,,,,,,,,,,,,,,,,,,,,,,,,,,,y,,,,,,,,,,,,,,,,,,,,,,,,,,,,,
,haircut,,,,,,,,,,,,,,,,,,,,,,,,,,,,,,,,y,,,,,,,,,,,,,,,,,,,,,,,,,,,,,,,,,,,,,,,,,,,,,,,,,,,,,y,,,,,,,,,,,,,,,,,,,,,,,,,,,,,,,,,,,,,,,,,,,,,,,,,,,,,,,,,,,,,,,,,,,,,,,,,,,,,,,,,,,,,,,,,,,,,,,,,,,,,,,,,,,,,,,,,,,,,,,,,,,,,,,,,,,,,,,,,,,,,,,,,,,,,,,,,,,,,,,,,,,,,,,,,,,,,,,,,y,,,,,,,,,,,,,,,,,,,,,,,,,,,,,,,,,,,,,,,,,,,,,,,,,y,,,,,,,,,,,,,,,,,,,,,,,,,,,,,,,,,,,,,,,,,,,,,,,,,,,,,,,,
,hairwash,,,,,,,,,,,,,,,,,,,,,,,,,,,,,,,,,,,,,,,,,,,,,,,,,,,,,,,,,,,,,,,,,,,,,,,,,,,,,,,,,,,,,,,,,,,,,,,,,,,,,,,,,,,,,,,,,,,,,,,,,,,,,,,,,,,,,,,,,,,,,,,,,,,,,,,,,,,,,,,,,,,,,,,,,,,,,,,,,,,,,,,,,,,,,,,,,,,,,,,,,,,,,,,,,,,,,,,,,,,,,,,,,,,,,,,,,,,,,,,,,,,,,,y,,,,,,,,,,,,,,y,,,,,,,,,,,,,,,,,,,,,,,,,,,,,,,,,,,,,,,,,,,,,,,,,,,,,y,,,,,y,,,,,,,,,,,,,,,,,,,,,,,,,,,,,,,,,,,,,,,,,,,,,,,,,
RELAX,meditate,,,,,,,,,,,,,,,,,,,,,,,,,,,,,,,,,,,,,,,,,,,,,,,,,,,,,,,,,,,,,,,,,,,,,,,,,,,,,,,,,,,,,,,,,,,,,,,,,,,,,,,,,,,,,,,,,,,,,,,,,,,,,,,,,,,,,,,,,,,,,,,,,,,,,,,,,,,,,,,,,,,y,,,,,,,y,,,,,,,,,,,,,,,,,,,,,,,,,,,,,y,,,,,,y,y,,,,,,y,y,,,,,,,,,,,,,,,,,,,,,,,,,,,,,,,,,,,,,,,,,,y,,,,,,,,,,,,,,,,,,,,,,,,,,,,,,,,,,,,,,,,,,,,,,,,,,,,,,,,,,,,,,,,,,,,,,,,,,,,,,,,,,,,,,,,,,,,,,,,,,,,,,,,,,,,,,,,
CHORES,room,,,,,,,y,,,,Y,y,y,,y,y,y,,y,,,y,y,,y,,y,,y,y,y,y,y,y,,y,y,,,,y,,,y,,,,y,y,y,y,,,y,,,y,y,,y,,y,y,y,y,,,,,,y,,y,y,y,y,,,,y,,y,y,y,,,,y,,y,y,,,,,,,y,,,,y,y,y,y,y,y,,,,,,,,,,,,,,,,,,,,,,,,,,,,,,,,,,,,,,,,,,,,,,,,,,,y,,,,,,,,,,,,,,,,,,y,,,,,,,,,,,,,,,,,,,,,,,y,,,,,,y,y,,,,,,,,y,,,,,,,,,,,,y,,,,,,,,,,,,,,y,,,,,,,,,,,,,,,,,,,,,,,,,,,,,,,,,,,,,,,,,,,,,,,,,,,,,,,,,,,,,,,,,,,,,,,,,,,,,,,,,,,,,,,,,,,,,,,,,,,,,,,,,,,,,,,,,,,,,,,,,,,,,,,
,restroom,,,,,,,,,,,,,,,,,,,,,,,,,,,,,nz,,y,y,y,y,,,,,,,,,,,,,,,,,,y,y,y,,,,,,,,,,,,,,,,,,y,,,,,,,,,,,,,,,,,,,,,,,,,,,,,,,,,,,,,,,,,,,,,,,,,,,,,,,,,,,,,,,,,,,,,,,,,,,,,,,,,,,,,,y,y,y,,,,,,,,,,,,,,,,,,,,,,,,,,,,,,,,,,,,,,,,,,,,,,,,,,,,,,,,,,,,,,,,,,,,,,,,,,,,,,,,,,,y,,,,,,,,,,,,y,,,,,,,,,,,,,,,,,,,,,,,,,,,,,,,,,,,,,,,,,,,,,,,,,,,,,,,,,,,,y,,,,,,,,,,,,,,,,,,,,,,,,,,,,,,,,,,,,,,,,,,,,,,,,,,,,
,,,,,,,,,,,,,,,,,,,,,,,,,,,,,,,,,,,,,,,,,,,,,,,,,,,,,,,,,,,,,,,,,,,,,y,,,,,,,,,,,,,,,,,,n,,,,,,,,,,,,,,,,,,,,,,,,,,,,,,,,,,,,,,,,,,,,,,,,,,,,,,,,,,,,,,,,,,,,,,,,,,,,,,,,,,,,,,,,,,,,,,,,,,,,,,,,,,,,,,,,,,,,,,,,,,,,,,,,,,,,,,,,,,,,,,,,,,,,,,,,,,,,,,,,,,,,,,,,,,,,,,,,,,,,,,,,,,,,,,,,,,,,,,,,,,,,,,,,,,,,,,,,,,,,,,,,,,,,,,,,,,,,,,,,,,,,,,,,,,,,,,,,,,,,,,,,,,,,,,,,,,,,,,,,,
,clean ac filter,,,,,,,,,,,,,,,,,,,,,,,,,,,,,,,,,,,,,,,,,,,,,,,,,,,,,,,,,,,,,,,,,,,,,,,,,,,,,,,,,,,,,,,,,,,,,,,,,,,,,,,,,,,,,,,,,,,,,,,,,,,,,,,,,,,,,,,,,,,,,,,,,,,,,,,,,,,,,,,,,,,,,,,,,,,,,,,,y,,,,,,,,,,,,,,,,,,,,,,,,,,,,,,,,,,,,,,,,,,,,,,,,,,,,,,,,,,,,,,,,y,,,,,,,,y,,,,,,,,,,,,,,,,,,,,,,,,,,,,,,,,,,,,,,,,,,,,,,,,,,,,,,,,,,,,,,,,,,,,,,,,,,,,,,,,,,,,,,,,,,,,,,,,,,,,,,,,,,,,,,,,,,,,,,,
,replace bed sheets,,,,,,,,,,,,,,,,,,,,,,,,,,,,,,,,,,,,,,,,,,,,,,,,,,,,,,,,,,,,,,,,,,,,,,,,,,,,,,,,,,,,,,,,,,,,,,,,,,,,,,,,,,,,,,,,,,,,,,,,,,,,,,,,,,,,,,,,,,,,,,,,,,,,,,,,,,,,,,,,,,,,,,,,,,,,,,,,y,,,,,,,,,,,,,,,,,,,,,,,,,,,,,,,,,,,,,,,,,,,,,,,,,,,,,,,,,,,,,,,,y,,,,,,,,,,,,,,,,,,,,,,,,,,,y,,,,,,,,,,,,,,,,,,,,,,,,,,,,,,,,,,,,,,,,,,,,,,,,,,,,,,,,,,,,,,,,,,,,,,,,,,,,,,,,,,,,,,,,,,,,,,,,,,,,
,wash clothes,,,,,,,,,,,,,,,,,,,,,,,,,,,,,,,,,,,,,,,,,,,,,,,,,,,,,,,,,,,,,,,,,,,,,,,,,,,,,,,,,,,,,,,,,,,,,,,,,,,,,,,,,,,,,,,,,,,,,,,,,,,,,,,,,,,,,,,,,,,,,,,,,,,,,,,,,,,,,,,,,,,,,,,,,,,,,,,,,,,,,,,,,,,,,,,,,,,,,,y,y,,,,,,y,y,,,,,,y,y,y,y,,,,,,,,,,,,,,,,,,,,,,,,,,,,,,,,,,,,,,,,,,,,,,,,,,,,,,,,,,,,,,,,,,,,,,,,,,,,,,,,,,,,,,,,,,,,,,,,,,,,,,,,,,,,,,,,,,,,,,,,,,,,,,,,,,,,,,,,,,,,,,,,,,,,,,,,
